{
  "original": {
    "t_stat": 0.43271945201806894,
    "t_pvalue": 0.6656871873141963,
    "u_stat": 22600.0,
    "u_pvalue": 0.016231710176736303,
    "mean_delta": 0.0013238584640962996,
    "std_delta": 0.04326633771271368,
    "effect_size_cohens_d": 0.03059788588733009
  },
  "retain": {
    "t_stat": 0.43271945201806894,
    "t_pvalue": 0.6656871873141963,
    "u_stat": 22600.0,
    "u_pvalue": 0.016231710176736303,
    "mean_delta": 0.0013238584640962996,
    "std_delta": 0.04326633771271368,
    "effect_size_cohens_d": 0.03059788588733009
  },
  "grad_ascent": {
    "t_stat": -1.4341439570137233,
    "t_pvalue": 0.15310067962093163,
    "u_stat": 21400.0,
    "u_pvalue": 0.19564230651099235,
    "mean_delta": -0.0008532023092356261,
    "std_delta": 0.008413452995901242,
    "effect_size_cohens_d": -0.10140929172021027
  },
  "grad_diff": {
    "t_stat": 1.043037009024689,
    "t_pvalue": 0.29819659030973306,
    "u_stat": 22600.0,
    "u_pvalue": 0.016231710176736303,
    "mean_delta": 0.003184768082626495,
    "std_delta": 0.04318103937342365,
    "effect_size_cohens_d": 0.07375385421098973
  },
  "kl": {
    "t_stat": -0.9290065146669747,
    "t_pvalue": 0.3540112038848144,
    "u_stat": 21400.0,
    "u_pvalue": 0.19564230651099235,
    "mean_delta": -0.0005616835756871282,
    "std_delta": 0.008550430141855955,
    "effect_size_cohens_d": -0.06569068062875363
  },
  "idk": {
    "t_stat": 1.0973062583487425,
    "t_pvalue": 0.2738335376337962,
    "u_stat": 23000.0,
    "u_pvalue": 0.005545191086409916,
    "mean_delta": 0.0030795536772444333,
    "std_delta": 0.039689435317436454,
    "effect_size_cohens_d": 0.07759126963168249
  }
}