{
  "original": {
    "t_stat": 1.412366756562451,
    "t_pvalue": 0.15940392534563289,
    "u_stat": 20400.0,
    "u_pvalue": 0.7118272364148948,
    "mean_delta": 0.002100278604273566,
    "std_delta": 0.021030249212003305,
    "effect_size_cohens_d": 0.0998694111087758
  },
  "retain": {
    "t_stat": 2.227239548098879,
    "t_pvalue": 0.027051729035419303,
    "u_stat": 21200.0,
    "u_pvalue": 0.26737230602902295,
    "mean_delta": 0.0033729308686405823,
    "std_delta": 0.021416845724789524,
    "effect_size_cohens_d": 0.15748961877875833
  },
  "rmu": {
    "t_stat": 1.427892168199728,
    "t_pvalue": 0.1548903452483609,
    "u_stat": 20600.0,
    "u_pvalue": 0.5793489725127092,
    "mean_delta": 0.002163973996021224,
    "std_delta": 0.02143244036175594,
    "effect_size_cohens_d": 0.10096722349371938
  },
  "npo": {
    "t_stat": 0.9959164494924652,
    "t_pvalue": 0.32050018160703736,
    "u_stat": 20400.0,
    "u_pvalue": 0.7118272364148948,
    "mean_delta": 0.0015759333510696188,
    "std_delta": 0.022378446702176077,
    "effect_size_cohens_d": 0.0704219274931345
  },
  "graddiff": {
    "t_stat": 0.9608083920893423,
    "t_pvalue": 0.3378144846983728,
    "u_stat": 20400.0,
    "u_pvalue": 0.7118272364148948,
    "mean_delta": 0.0015623312013156615,
    "std_delta": 0.022995947912305616,
    "effect_size_cohens_d": 0.0679394129467316
  },
  "altpo": {
    "t_stat": 1.3599610301640193,
    "t_pvalue": 0.1753809716529232,
    "u_stat": 20400.0,
    "u_pvalue": 0.7118272364148948,
    "mean_delta": 0.0020509287707910994,
    "std_delta": 0.021327458793169676,
    "effect_size_cohens_d": 0.09616376665784153
  },
  "undial": {
    "t_stat": 0.8690457823122512,
    "t_pvalue": 0.3858690158761429,
    "u_stat": 20600.0,
    "u_pvalue": 0.5793489725127092,
    "mean_delta": 0.0013828245005427816,
    "std_delta": 0.022502947518439724,
    "effect_size_cohens_d": 0.06145081658345626
  },
  "idknll": {
    "t_stat": 0.9959164494924652,
    "t_pvalue": 0.32050018160703736,
    "u_stat": 20400.0,
    "u_pvalue": 0.7118272364148948,
    "mean_delta": 0.0015759333510696188,
    "std_delta": 0.022378446702176077,
    "effect_size_cohens_d": 0.0704219274931345
  }
}