{
  "altpo": {
    "t_stat": 2.4894813469990265,
    "t_pvalue": 0.01361266230358682,
    "u_stat": 23600.0,
    "u_pvalue": 0.0008736919496180791,
    "mean_delta": 0.007855529170632584,
    "std_delta": 0.044625342970004596,
    "effect_size_cohens_d": 0.17603291421004344
  },
  "graddiff": {
    "t_stat": -0.39004190377439174,
    "t_pvalue": 0.6969227140243687,
    "u_stat": 20200.0,
    "u_pvalue": 0.8536444315609752,
    "mean_delta": -0.0011884713981314026,
    "std_delta": 0.04309158460835837,
    "effect_size_cohens_d": -0.027580127510578426
  },
  "idknll": {
    "t_stat": 1.8985783720008087,
    "t_pvalue": 0.05906693352655959,
    "u_stat": 23000.0,
    "u_pvalue": 0.005545191086409916,
    "mean_delta": 0.004407457703413915,
    "std_delta": 0.03283028265609617,
    "effect_size_cohens_d": 0.13424976414558848
  },
  "npo": {
    "t_stat": 0.6910935142551117,
    "t_pvalue": 0.49031215604091055,
    "u_stat": 21600.0,
    "u_pvalue": 0.13914040281288106,
    "mean_delta": 0.0017223128157387304,
    "std_delta": 0.03524440748502768,
    "effect_size_cohens_d": 0.04886769103638337
  },
  "original": {
    "t_stat": 0.14049011195126548,
    "t_pvalue": 0.8884148654400031,
    "u_stat": 20800.0,
    "u_pvalue": 0.45974387010428674,
    "mean_delta": 0.000428389264042015,
    "std_delta": 0.04312288592903933,
    "effect_size_cohens_d": 0.009934151085039833
  },
  "retain": {
    "t_stat": 0.5908625036432313,
    "t_pvalue": 0.5552830274517373,
    "u_stat": 22600.0,
    "u_pvalue": 0.016231710176736303,
    "mean_delta": 0.001666399336973806,
    "std_delta": 0.03988482139494217,
    "effect_size_cohens_d": 0.04178028830749944
  },
  "rmu": {
    "t_stat": -0.17892320186223196,
    "t_pvalue": 0.8581800358147353,
    "u_stat": 20800.0,
    "u_pvalue": 0.45974387010428674,
    "mean_delta": -0.0005392057619511182,
    "std_delta": 0.042618961293132376,
    "effect_size_cohens_d": -0.012651780934839579
  },
  "undial": {
    "t_stat": -0.8063496006820864,
    "t_pvalue": 0.4210038733981589,
    "u_stat": 18800.0,
    "u_pvalue": 0.26737230602902295,
    "mean_delta": -0.0024014970737670067,
    "std_delta": 0.042118576469161034,
    "effect_size_cohens_d": -0.05701752706493697
  }
}